{"cameraMode":{"drawMode":0,"name":"Shaded","section":"Shading Mode"},"sceneLighting":true,"audioPlay":false,"sceneViewState":{"showFog":true,"showMaterialUpdate":false,"showSkybox":true,"showFlares":true,"showImageEffects":true,"showParticleSystems":true},"in2DMode":false,"pivot":{"x":-0.5084428787231445,"y":3.060786485671997,"z":-1.0603914260864258},"rotation":{"x":0.05394783243536949,"y":0.5739887356758118,"z":-0.03793834149837494,"w":0.8162045478820801},"size":25.809003829956056,"orthographic":false}